Compound Name,Reference,PP11_LysCAT_Embryo_aass_HOMO_body_1,PP11_LysCAT_Embryo_aass_HOMO_body_2,PP11_LysCAT_Embryo_aass_HOMO_body_3,PP11_LysCAT_Embryo_aass_HOMO_body_4,PP11_LysCAT_Embryo_aass_HOMO_head_1,PP11_LysCAT_Embryo_aass_HOMO_head_2,PP11_LysCAT_Embryo_aass_HOMO_head_3,PP11_LysCAT_Embryo_aass_HOMO_head_4,PP11_LysCAT_Embryo_aass_WT_body_1,PP11_LysCAT_Embryo_aass_WT_body_2,PP11_LysCAT_Embryo_aass_WT_body_3,PP11_LysCAT_Embryo_aass_WT_body_4,PP11_LysCAT_Embryo_aass_WT_head_1,PP11_LysCAT_Embryo_aass_WT_head_2,PP11_LysCAT_Embryo_aass_WT_head_3,PP11_LysCAT_Embryo_aass_WT_head_4,PP11_LysCAT_Embryo_aldh7a1_HOMO_body_1,PP11_LysCAT_Embryo_aldh7a1_HOMO_body_2,PP11_LysCAT_Embryo_aldh7a1_HOMO_body_3,PP11_LysCAT_Embryo_aldh7a1_HOMO_body_4,PP11_LysCAT_Embryo_aldh7a1_HOMO_head_1,PP11_LysCAT_Embryo_aldh7a1_HOMO_head_2,PP11_LysCAT_Embryo_aldh7a1_HOMO_head_3,PP11_LysCAT_Embryo_aldh7a1_HOMO_head_4,PP11_LysCAT_Embryo_aldh7a1_WT_body_1,PP11_LysCAT_Embryo_aldh7a1_WT_body_2,PP11_LysCAT_Embryo_aldh7a1_WT_body_3,PP11_LysCAT_Embryo_aldh7a1_WT_body_4,PP11_LysCAT_Embryo_aldh7a1_WT_head_1,PP11_LysCAT_Embryo_aldh7a1_WT_head_2,PP11_LysCAT_Embryo_aldh7a1_WT_head_3,PP11_LysCAT_Embryo_aldh7a1_WT_head_4,PP11_LysCAT_Embryo_EB_1,PP11_LysCAT_Embryo_EB_2,PP11_LysCAT_Embryo_EB_3,PP11_LysCAT_STDmix_025nM_1,PP11_LysCAT_STDmix_1nM_1,PP11_LysCAT_STDmix_10nM_1,PP11_LysCAT_STDmix_50nM_1,PP11_LysCAT_STDmix_125nM_1,PP11_LysCAT_STDmix_250nM_1,PP11_LysCAT_STDmix_500nM_1,PP11_LysCAT_STDmix_1uM_1,PP11_LysCAT_STDmix_2uM_1
4-aminobutyrate_Fmoc,IS-TFL_Fmoc,1731958,1797094,1483342,1933326,29084941,38918131,56652496,59766139,1672263,1808644,1736504,1748451,44149105,29000730,27241607,37650726,2860208,3739550,4559317,4212910,46078065,54364119,56800387,61986542,1071839,1772902,2209155,1869513,30119992,37433426,43013538,34456717,,,,,,,,,,,,
5-Aminopentanoate_Fmoc ,IS-TFL_Fmoc,313841,326990,409672,850411,223596,157329,260497,420669,502328,458742,595632,378824,324203,134657,188915,357060,337808,644084,456273,1436447,177375,213729,212763,564480,136740,251852,377594,436592,183942,160106,204348,192668,,,,,,,,,,,,
AAA-Fmoc,IS-AAA-d3-Fmoc,117635,99969,70378,167357,119715,107785,114318,101880,103179,102158,126555,101319,159730,96130,113788,163548,647379,566648,602690,467584,560533,579283,456497,499382,58570,82451,99090,89987,85850,86836,106246,84237,,,,,,32630,135520,403723,786975,1691358,3115907,6116263
Ala_Fmoc,IS-TFL_Fmoc,2147141,1714947,1375335,3086573,1187944,935836,1259111,1588492,1969198,1770331,1787998,2094579,1098548,705022,662443,903658,2256934,2729828,2243220,3027818,1029805,1323271,1078257,1409938,679588,1059351,1427195,1306916,835169,663080,701358,648886,49394,28825,38916,60430,33124,22038,34285,37294,49260,38447,48910,40648
Arg_1Fmoc,IS-TFL_Fmoc,19804986,22348218,20621182,18329433,28729627,38224123,41597367,39431048,9594556,8521835,8061397,7925668,27706114,20980579,24130955,18979270,5648056,12519302,7034352,12645269,18760296,12750384,16655723,17605914,2741479,5950401,7681046,7893043,18813694,18125801,14659484,16799823,199291,92293,91495,324470,121053,199292,197294,165492,225792,187008,233319,454390
Asn_1Fmoc,IS-TFL_Fmoc,3571085,2787165,2493044,3726145,1485008,1465524,1792974,2228497,3809940,3321662,2859377,3876457,2088412,1326100,1431508,1692416,4309747,3895710,4351294,4247183,1505541,1879774,1559675,1994470,1547953,2853097,2849421,2305875,1233442,1217980,1339381,991516,,,,,,,,,,,,
Asp_Fmoc,IS-TFL_Fmoc,1877014,1883389,1373169,1981326,2453172,4773721,7990761,5522334,1033603,1316149,1192239,1781988,4069824,1825319,2434762,3508062,2392215,2215875,1575153,1382167,3577374,4591648,5153849,5260744,547111,1010896,1130803,851111,2086869,2482054,2803845,2248207,,,,,,,,,,,,
Cys_Fmoc,IS-TFL_Fmoc,23271,24069,24257,35295,37091,41761,63803,71940,20767,19838,23251,22608,55781,29747,26793,41447,27824,41020,39136,51401,37471,43530,47854,67390,8843,21584,26794,26889,27267,31302,46091,34733,,,,,,,,,,,,
Gln_Fmoc,IS-TFL_Fmoc,25698174,16160479,16076337,25336293,37984922,48055852,48556260,67886720,33881885,31127149,24127570,35551133,79130806,52053446,57721668,54839553,30240755,15806281,22752728,18767001,55680107,59712985,35025155,37477827,16861588,25450449,23325807,20177402,51744406,55644937,57794488,34331068,,,,,,,,,,,,
Glu_Fmoc,IS-TFL_Fmoc,7686870,6656931,5624163,10438871,22010675,23045535,31665852,33417949,6637129,6661887,7497939,7406221,24420290,15983490,14808085,25643136,10421901,10945756,11189856,16059163,23261584,28615520,27907092,38542407,2806437,6407057,7036663,6080334,12868706,15176818,20108575,15687407,,,,36279,27077,31146,28197,38569,40966,31410,40286,40452
Gly_Fmoc,IS-TFL_Fmoc,3383687,4346739,3043319,4945986,2095919,1399967,1772926,2196482,2464164,2139017,2253641,2227258,1133364,606239,623240,1001467,3511860,4012883,4032960,4385421,1374036,1591810,1708449,2274951,1341637,2398253,2730124,2398397,985974,1334653,1864483,1285723,206974,54949,58615,87681,48488,97075,71160,305031,94278,88514,191337,204668
His_Fmoc,IS-TFL_Fmoc,39996070,40755631,40127075,44428672,11063653,11558337,17887845,21627586,33921205,33663328,33020011,36695822,16329902,9585202,8383050,11014720,36493963,40984369,39964347,43577595,6157365,10254984,10459491,13627865,17849798,28796420,28565172,28232429,7536779,7007137,8199803,7307935,125295,69132,64330,129293,65127,39343,46743,49777,45235,70601,61075,152163
Ile_Fmoc,IS-TFL_Fmoc,224032,263678,249276,587352,169472,87116,146654,167442,322720,287923,322902,258735,154638,90903,113540,147600,288815,498992,341768,978276,121643,122927,136517,268823,152306,221039,356072,325609,132401,103073,133541,129381,,,,,,,,,,,,
Leu_Fmoc,IS-TFL_Fmoc,622099,678621,877146,1631890,912304,439428,1553698,810425,1003455,790669,908154,755413,499866,532848,600480,700815,642732,1659462,1109769,2495583,645955,356700,897617,1640550,835809,593414,1782073,1302163,1536772,393548,385648,320992,,,,,,,,,,,,
Lys-2Fmoc,IS-TFL_Fmoc,212631976,217690082,207152093,167814770,165901137,219322697,231459766,221302158,27677202,25588983,22025482,22664526,47592447,29248430,36093676,28320934,9749434,16986768,12229184,23434934,15009722,12137120,16452653,22607192,6275238,9890648,13219390,13131490,16455682,16794109,15347611,17728500,1850324,1724726,1908122,2715941,940326,638210,1749340,6119551,7692588,21890717,41907739,77236782
P6C_Fmoc 1,IS-PIP-d9_Fmoc,,,,,,,,,,,,,,,,,263047,224054,289176,282720,109714,117850,88960,112597,,,,,,,,,,,,,,,,,,,,
P6C_Fmoc 2,IS-PIP-d9_Fmoc,,,,,,,,,,,,,,,,,943235,916890,1037932,1152253,525790,577900,504178,622098,,,,,,,,,,,,,,,,,,,,
Phe_Fmoc,IS-TFL_Fmoc,234164,284973,267830,543769,484932,596370,922480,986468,348467,246880,285761,252862,740712,439413,421383,586839,351356,576547,471943,802197,651668,677595,723759,835147,129395,271705,352701,374054,458361,617491,596078,513884,15209,15405,17560,17548,8738,8749,9154,13796,10362,13801,17205,21578
PIP_Fmoc,IS-PIP-d9_Fmoc,76404,110875,108386,52835,110537,156287,319269,359638,,,,,,,,,1125641,1127910,1159973,1049953,4644490,5832439,4491983,4374018,,,,,,,,,,,,,,57344,218409,837087,1657049,3498535,7272773,14131871
Pro_Fmoc,IS-TFL_Fmoc,2485423,2336188,1926197,5479274,4945935,3130486,5178128,7474283,4465389,3524965,3782680,3782139,4362153,2669930,2418787,4681686,5144996,6080407,4727476,7319630,4934724,6683496,5548561,8509900,1585813,2174352,3359317,2793144,2860689,3096103,3588024,2976340,131912,68448,96917,144628,111587,124733,102544,128115,123376,100124,160491,228430
Saccharopine_Fmoc,IS-AAA-d3-Fmoc,3643074,4631939,3687863,1169912,236980,561907,988987,1095296,39417,44667,39874,43688,68058,20134,45896,55303,384833,421158,374577,354117,81603,87555,84551,111863,,,,,,,,,,,,,,,43445,141887,256815,634640,1298814,2215447
Ser_Fmoc,IS-TFL_Fmoc,1185035,1422366,1039376,1322503,960730,870751,1472698,2160221,1116648,992030,922551,1289060,1675977,666438,962253,1338054,1354275,1651776,1428328,1808143,1142069,1524147,1451603,1961772,318892,514885,763271,545042,1391930,875974,973776,944648,47963,31003,41317,33257,30780,23085,22373,20224,30111,30625,38610,48952
Thr_Fmoc,IS-TFL_Fmoc,367168,347801,403434,817547,679006,449330,652744,1095380,576795,401382,500818,440627,822526,497201,492704,807676,510816,583225,473935,793241,699935,801261,811333,1130642,192528,295899,381262,402884,623769,531723,617745,537772,28472,17798,14736,26739,14251,14855,12948,12682,14478,9712,25075,37187
Trp_1Fmoc,IS-TFL_Fmoc,295314,373292,425955,573789,2257041,2129871,3241848,2930774,395107,361061,351403,325253,2603259,1745565,1947419,2191152,390604,501971,509818,838380,2468089,2727296,2855319,3514997,186439,367448,396158,498154,1921380,2516992,2605065,2415902,,,,,,,,,,,,
Tyr_Fmoc,IS-TFL_Fmoc,90093,92782,88296,196741,190973,184005,263796,298787,137663,110537,112292,92792,275215,147944,152276,198938,119155,241740,150419,267261,208846,256983,213028,249038,42311,82903,108394,114361,186417,164475,177257,147315,,,,,,,,,,,,
Val_Fmoc,IS-TFL_Fmoc,313851,326990,409635,846934,224641,157564,260338,412855,503383,457079,595790,368640,324688,134448,186339,351708,337854,642870,456948,1436447,178061,213706,212780,564480,137655,250494,378389,434193,178244,159025,204658,192668,13410,7972,11850,43014,31121,34434,26344,27017,33205,29963,42281,45717
IS-AAA-d3-Fmoc,,53609570,51385329,49760649,49577179,43354500,45131118,41912343,40581224,52961380,52799317,51523709,50302597,40139839,43932328,43300330,45331476,54072813,52867103,51983003,51692930,42381664,43690422,44194970,44168578,56323897,53044252,51703352,50172121,47243766,44467074,46085436,44683080,54636206,55398222,54630379,70586662,28040895,17395450,32136620,61508110,35227249,56090370,55080471,26081959
IS-PIP-d9_Fmoc,,62298292,60456294,58105274,56413487,53599201,53926015,51561138,48944732,61323984,60096620,59300881,57862169,54248054,52851413,50353734,53185653,62913284,61372773,60872975,58934497,53469082,52743601,50866585,49707857,64144781,60216017,58939452,57771045,54375303,53151237,53053576,50991860,57698321,57206935,56923662,89953301,47452771,35257891,50985409,80924900,55475635,75169859,74063733,45527498
IS-TFL_Fmoc,,61294933,60180540,55797709,57920880,61974393,60902040,55322935,59770811,64206393,60790912,57808112,49070118,62197728,60434400,58604152,62285633,60183690,58297293,52111004,57520280,52968563,54840435,56701585,53821725,60265394,55949686,56412035,53604279,58813192,65923672,63965857,61064069,69137437,65618635,69539867,108305024,57712074,39961116,60720880,96888274,66428742,93005459,89581059,54849252
